id;user_id;first_name;last_name;gender;email;phone;address_line_1;address_line_2;city;country
1;17974;Victor;Aubry;FEMALE;Aymard_Clement@gmail.com;+33 421664291;Team-oriented;index;Benoittown;Brunei
2;41671;Rodolphe;Schneider;MALE;Victorien_Berger@yahoo.fr;0676085845;dedicated;synthesize a;Lake Suzonshire;Côte d’Ivoire
3;85635;Urbain;Meyer;MALE;Cyrille30@gmail.com;0267005064;invoice copying protocol;deposit digital Compatible;North Audouinchester;République centrafricaine
4;70057;Dorine;Renaud;OTHER;tienne_Nicolas61@hotmail.fr;0610291736;invoice Tuna Paix;Nord-Pas-de-Calais Handcrafted;Dunkerque;Biélorussie
5;11776;Clotilde;Roussel;OTHER;Anice53@hotmail.fr;0354515182;ivory deposit Horizontal;Loan Handcrafted Architecte;Port Athalie;Mozambique
6;82015;Edmée;Simon;MALE;Rgine7@yahoo.fr;0449604948;Virtual initiatives invoice;gold high-level;Cholet;Tonga
7;68763;Lydie;Girard;MALE;Galle2@gmail.com;+33 372960819;wireless up;Open-source parsing Presbourg;Philémonside;Soudan
8;67577;Constance;Bertrand;OTHER;Alcibiade_Noel46@hotmail.fr;0799028179;Shirt Account;unleash embrace;Courbevoie;Maurice
9;79304;Lucien;Meunier;OTHER;Gaspard.Marchal55@hotmail.fr;+33 790247087;Games portal Nord-Pas-de-Calais;systems Bike;Apollineborough;Pakistan
10;76041;Liétald;Lemoine;FEMALE;Genevive52@gmail.com;+33 489541161;Monsieur-le-Prince Soap online;turquoise User;Guerinview;Fidji
